"MPN","Manufacturer","LCSC","PartClass","Stock","UnitPrice","JLCPackage","JLCDescription","MatchStatus","JLCCandidates"
"GCM21BR71C475KA73L","Murata","C90791","Extended","16631","0.0620","0805","16V 4.7uF X7R ±10% 0805 Multilayer Ceramic Capacitors MLCC - SMD/SMT ROHS","exact",""
"GCM155R71E104KE02D","Murata","C126527","Extended","47264","0.0186","0402","100nF 25V X7R ±10% 0402 Multilayer Ceramic Capacitors MLCC - SMD/SMT ROHS","exact",""
"GCM155R71H102KA37D","Murata","C126532","Extended","7987786","0.0065","0402","1nF 50V X7R ±10% 0402 Multilayer Ceramic Capacitors MLCC - SMD/SMT ROHS","exact",""
"EEH-ZA1H101P","Panasonic","C109086","Extended","2478","0.7842","SMD,D10xL10.2mm","-55℃~+105℃ 10.2mm 10000hrs@105℃ 100uF 10mm 28mΩ 300mA@100Hz 50V ±20% SMD,D10xL10.2mm Hybrid Aluminum Electrolytic Capacitors ROHS","exact-normalized","JLC lists it as EEHZA1H101P"
"GCM1555C1H100JA16D","Murata","C126491","Extended","84705","0.0118","0402","10pF 50V C0G ±5% 0402 Multilayer Ceramic Capacitors MLCC - SMD/SMT ROHS","exact",""
"GCM1555C1H330JA16D","Murata","C126506","Extended","240985","0.0128","0402","33pF 50V C0G ±5% 0402 Multilayer Ceramic Capacitors MLCC - SMD/SMT ROHS","exact",""
"C1206C472KGRACAUTO","KEMET","","","","","","","no-exact-match","C1206C472K5RAC7800 (C600063, 1206, stock 8539); C1206C475K5RACTU (C2170321, 1206, stock 4274); C1206C474K4RACTU (C2167327, 1206, stock 3946); C1206C471K5GACTU (C2171119, 1206, stock 3856); C1206C475K5RACAUTO (C696377, 1206, stock 3117)"
"GCM155R71C105KA55D","Murata","","","","","","","no-exact-match","GCM155R71H102KA37D (C126532, 0402, stock 7987786); GCM155R71H103KA55D (C91601, 0402, stock 2330842); GCM155R71H473KE02D (C368599, 0402, stock 810464); GCM155R71H104KE02J (C2649549, 0402, stock 126941); GCM155R71H682KA55D (C161171, 0402, stock 90161)"
"GRT188C71C475KE13D","Murata","C5160228","Extended","18355","0.0701","0603","16V 4.7uF X7S ±10% 0603 Multilayer Ceramic Capacitors MLCC - SMD/SMT ROHS","exact",""
"GCM21BR71H105KA03L","Murata","C126592","Extended","20998","0.0581","0805","1uF 50V X7R ±10% 0805 Multilayer Ceramic Capacitors MLCC - SMD/SMT ROHS","exact",""
"GCM31CR71H225KA55L","Murata","C126604","Extended","97905","0.0967","1206","2.2uF 50V X7R ±10% 1206 Multilayer Ceramic Capacitors MLCC - SMD/SMT ROHS","exact",""
"GCM21BR71H104KA37L","Murata","C161260","Extended","6192","0.0240","0805","100nF 50V X7R ±10% 0805 Multilayer Ceramic Capacitors MLCC - SMD/SMT ROHS","exact",""
"GCM21BR61A226ME36L","Murata","","","","","","","no-exact-match",""
"GCM32ER71H475KA55L","Murata","C126618","Extended","4758","0.1816","1210","4.7uF 50V X7R ±10% 1210 Multilayer Ceramic Capacitors MLCC - SMD/SMT ROHS","exact",""
"GCM32ER71H106KA03L","Murata","","","","","","","no-exact-match","GCM32ER71C226KE19L (C126614, 1210, stock 8836); GCM32ER70J476KE19L (C440151, 1210, stock 5093); GCM32ER71H475KA55L (C126618, 1210, stock 4758); GCM32ER71C226ME19K (C2179811, 1210, stock 4040); GCM32ER71A226KE12L (C913632, 1210, stock 1801)"
"GCM31CR71C226KE02L","Murata","","","","","","","no-exact-match","GCM31CR71H225KA55L (C126604, 1206, stock 97905); GCM31CR72A105KA03L (C408556, 1206, stock 5744); GCM31CR70J226ME23L (C126597, 1206, stock 4012); GCM31CR71C106KA64L (C126600, 1206, stock 3395); GCM31CR70J226KE23L (C417135, 1206, stock 2054)"
"GCM188R71H563KA55D","Murata","","","","","","","no-exact-match","GCM188R70J225KE22D (C126582, 0603, stock 200099); GCM188R71H104KA57J (C3011652, 0603, stock 70051); GCM188R71H224KA64D (C97857, 0603, stock 44320); GCM188R72A103KA37D (C161232, 0603, stock 33583); GCM188R72A104KA64D (C415406, 0603, stock 24022)"
"GCM1885C1H331JA16D","Murata","","","","","","","no-exact-match","GCM1885C2A221JA16D (C388907, 0603, stock 1574621); GCM1885C2A470JA16D (C126580, 0603, stock 70856); GCM1885C2A100JA16D (C126575, 0603, stock 37025); GCM1885C2A220JA16D (C408549, 0603, stock 29219); GCM1885C2A510JA16D (C2941924, 0603, stock 22550)"
"GCM21BR71C106KE22L","Murata","","","","","","","no-exact-match","GCM21BR71E225KA73L (C126591, 0805, stock 539863); GCM21BR72A104KA37L (C85866, 0805, stock 157572); GCM21BR71A106KE22L (C126586, 0805, stock 67246); GCM21BR71H105KA03L (C126592, 0805, stock 20998); GCM21BR71C475KA73K (C2167533, 0805, stock 19644)"
"GCM155R71C104KA55D","Murata","C85857","Extended","85","0.0080","0402","100nF 16V X7R ±10% 0402 Multilayer Ceramic Capacitors MLCC - SMD/SMT ROHS","exact",""
"GCM188R71C105KA64D","Murata","C161212","Extended","18551","0.0254","0603","16V 1uF X7R ±10% 0603 Multilayer Ceramic Capacitors MLCC - SMD/SMT ROHS","exact",""
"T525D227M006ATE025","KEMET","","","","","","","no-exact-match",""
"BZT52B10Q-7","Diodes Incorporated","","","","","","","no-exact-match","BZT52B10 (C5805645, SOD-123, stock 15490); BZT52B10S (C22399886, SOD-323, stock 5934); BZT52B10 (C22467094, SOD-123, stock 5672); BZT52B10 (C52148468, SOD-123, stock 4850); BZT52B10S (C545285, SOD-323, stock 4264)"
"SM8S26A","Littelfuse","C42264767","Extended","500","2.8728","SMTO-263","-55℃~+175℃ 167A@10/1000us 26V 2uA 31.9V 42.1V 7kW@10/1000us IEC 61000-4-2 TVS Unidirectional SMTO-263 ESD and Surge Protection (TVS/ESD) ROHS","exact",""
"B160Q-13-F","Diodes Incorporated","C134434","Extended","3715","0.1186","SMA(DO-214AC)","-65℃~+150℃ 1 Independent 1A 30A 500uA@60V 60V 700mV@1A SMA(DO-214AC) Schottky Diodes ROHS","exact",""
"SBR8U60P5-13","Diodes Incorporated","C154726","Extended","1","0.2229","PowerDI-5","120uA@60V 280A 460mV@8A 60V 8A PowerDI-5 Super Barrier Rectifiers (SBR) ROHS","exact",""
"PESD0402-140","Littelfuse","C10662","Extended","112828","0.1336","0402","-55℃~+125℃ 0.25pF 10uA 14V 40V Bidirectional ESD IEC 61000-4-2 0402 ESD and Surge Protection (TVS/ESD) ROHS","exact",""
"0297005.WXNV","Littelfuse","C151093","Extended","7559","0.1164","-","-40℃~+125℃ 129mV 17.75mΩ 1kA@32V 25 32V 5A Blade Fuse - Automotive Fuses ROHS","exact",""
"BLM18KG601SZ1D","Murata","C710380","Extended","505","0.0215","0603","-55℃~+125℃ 1 1.3A 150mΩ 600Ω@100MHz ±25% 0603 Ferrite Beads ROHS","exact",""
"61300611021","Wurth Elektronik","","","","","","","no-exact-match",""
"132136","Amphenol RF","","","","","","","no-exact-match",""
"USB4105-GF-A","GCT","C3020560","Extended","11505","1.0319","SMD","-40℃~+85℃ 1 12P 48V 5A Black Female Surface Mount, Right Angle Type-C USB 2.0 SMD USB Connectors ROHS","exact",""
"679105700","Molex","","","","","","","no-exact-match",""
"SIM8060-6-1-14-00-A","GCT","C2943124","Extended","57","1.9314","SMD","-20℃~+85℃ 125V Hinged Lid Nano-SIM Card SMD SIM Card Connectors ROHS","exact",""
"61300211121","Wurth Elektronik","","","","","","","no-exact-match",""
"SRN8040TA-4R7M","Bourns","C2045122","Extended","28","0.4718","SMD,8x8mm","19.5mΩ 4.7uH 5.8A 6.7A ±20% SMD,8x8mm Power Inductors ROHS","exact",""
"SRN6045TA-220M","Bourns","C2044314","Extended","783","0.3502","SMD,6x6mm","2.3A 22uH 3.3A 96mΩ ±20% SMD,6x6mm Power Inductors ROHS","exact",""
"XAL6060-103MEC","Coilcraft","C5329540","Extended","600","3.4122","SMD,6.6x6.4mm","10uH 27mΩ 5A 7.6A AEC-Q200 ±20% SMD,6.6x6.4mm Power Inductors ROHS","exact",""
"LQW18AN47NG00D","Murata","C98076","Extended","65854","0.0723","0603","290mΩ 380mA 47nH Unshielded Inductor ±2% 0603 Power Inductors ROHS","exact",""
"48099-5701","Molex","C565080","Extended","8993","0.7647","SMD","SMD Edgeboard Connectors ROHS","exact-normalized","JLC lists it as 480995701"
"DMP6023LFGQ-13","Diodes Incorporated","C672173","Extended","4329","0.5564","PowerDI3333-8","-55℃~+150℃ 1 P-Channel 143pF 1W 2.569nF 26.5nC@4.5V 33mΩ@4.5V 60V 7.7A PowerDI3333-8 MOSFETs ROHS","exact",""
"AC0603FR-0710KL","Yageo","C116677","Extended","4","0.0043","0603","-55℃~+155℃ 100mW 10kΩ 75V Thick Film Resistor ±1% ±100ppm/℃ 0603 Chip Resistor - Surface Mount ROHS","exact",""
"AC0603FR-07220RL","Yageo","C138284","Extended","299","0.0026","0603","-55℃~+155℃ 100mW 220Ω 75V Thick Film Resistor ±1% ±100ppm/℃ 0603 Chip Resistor - Surface Mount ROHS","exact",""
"AC0603FR-0747RL","Yageo","C144656","Extended","26458","0.0027","0603","-55℃~+155℃ 100mW 47Ω 75V Thick Film Resistor ±1% ±100ppm/℃ 0603 Chip Resistor - Surface Mount ROHS","exact",""
"AC0603FR-071ML","Yageo","C116678","Extended","17541","0.0027","0603","-55℃~+155℃ 100mW 1MΩ 75V Thick Film Resistor ±1% ±100ppm/℃ 0603 Chip Resistor - Surface Mount ROHS","exact",""
"AC0603FR-075K1L","Yageo","C125891","Extended","232928","0.0027","0603","-55℃~+155℃ 100mW 5.1kΩ 75V Thick Film Resistor ±1% ±100ppm/℃ 0603 Chip Resistor - Surface Mount ROHS","exact",""
"AC0603FR-0722K1L","Yageo","C227715","Extended","2472","0.0025","0603","-55℃~+155℃ 100mW 22.1kΩ 75V Thick Film Resistor ±1% ±100ppm/℃ 0603 Chip Resistor - Surface Mount ROHS","exact",""
"AC0603FR-0747K5L","Yageo","C227918","Extended","11712","0.0031","0603","-55℃~+155℃ 100mW 47.5kΩ 75V Thick Film Resistor ±1% ±100ppm/℃ 0603 Chip Resistor - Surface Mount ROHS","exact",""
"AC0603FR-071KL","Yageo","C116692","Extended","26663","0.0028","0603","-55℃~+155℃ 100mW 1kΩ 75V Thick Film Resistor ±1% ±100ppm/℃ 0603 Chip Resistor - Surface Mount ROHS","exact",""
"AC0603FR-07100KL","Yageo","C116674","Extended","193620","0.0027","0603","-55℃~+155℃ 100kΩ 100mW 75V Thick Film Resistor ±1% ±100ppm/℃ 0603 Chip Resistor - Surface Mount ROHS","exact",""
"AC0603FR-0733K2L","Yageo","C227824","Extended","18","0.0025","0603","-55℃~+155℃ 100mW 33.2kΩ 75V Thick Film Resistor ±1% ±100ppm/℃ 0603 Chip Resistor - Surface Mount ROHS","exact",""
"AC0603FR-0731K6L","Yageo","C227816","Extended","4336","0.0026","0603","-55℃~+155℃ 100mW 31.6kΩ 75V Thick Film Resistor ±1% ±100ppm/℃ 0603 Chip Resistor - Surface Mount ROHS","exact",""
"AC0603FR-07200KL","Yageo","C144683","Extended","202","0.0033","0603","-55℃~+155℃ 100mW 200kΩ 75V Thick Film Resistor ±1% ±100ppm/℃ 0603 Chip Resistor - Surface Mount ROHS","exact",""
"AC0603FR-0713K3L","Yageo","C227581","Extended","7870","0.0027","0603","-55℃~+155℃ 100mW 13.3kΩ 75V Thick Film Resistor ±1% ±100ppm/℃ 0603 Chip Resistor - Surface Mount ROHS","exact",""
"ERJ-P06J220V","Panasonic","C417009","Extended","110","0.0183","0805","-55℃~+155℃ 22Ω 500mW Thick Film Resistor ±300ppm/℃ ±5% 0805 Chip Resistor - Surface Mount ROHS","exact-normalized","JLC lists it as ERJP06J220V"
"AC0402FR-0715KL","Yageo","C144795","Extended","16","0.0016","0402","-55℃~+155℃ 15kΩ 50V 62.5mW Thick Film Resistor ±1% ±100ppm/℃ 0402 Chip Resistor - Surface Mount ROHS","exact",""
"AC0402FR-0751KL","Yageo","C144749","Extended","8561","0.0019","0402","-55℃~+155℃ 50V 51kΩ 62.5mW Thick Film Resistor ±1% ±100ppm/℃ 0402 Chip Resistor - Surface Mount ROHS","exact",""
"PIC18F57Q84-I/PT","Microchip","C2908290","Extended","66","4.2933","TQFP-48_7x7","-40℃~+85℃ 1.8V~5.5V 128KB 1KB 44 64MHz 8 Bit 8KB Built-in FLASH PIC TQFP-48(7x7) Microcontrollers (MCU/MPU/SOC) ROHS","exact",""
"LMR16006XDDCR","Texas Instruments","C87080","Extended","20135","0.5890","SOT-6","-40℃~+125℃@(TJ) 1 28uA 4V~60V 600mA 700kHz 765mV~55V Adjustable Buck Buck Built-in No SOT-6 DC-DC Converters ROHS","exact",""
"TPS54560QDDARQ1","Texas Instruments","","","","","","","no-exact-match","TPS54560DDAR (C31966, SOIC-8-EP, stock 47941); TPS54560BDDAR (C1850354, SO-8, stock 11483); TPS54560DDAR (C7420431, SOP-8-EP, stock 2699); TPS54560BQDDARQ1 (C2072188, SOP-8-EP, stock 1041); TPS54560DDA (C465738, SO-8-EP, stock 334)"
"NEO-M9N-00B","u-blox","C5119087","Extended","469","16.2774","SMD-24P","SMD-24P GNSS Modules ROHS","exact",""
"USBLC6-2SC6Y","STMicroelectronics","C2969755","Extended","8626","0.2930","SOT-23-6L","","exact",""
"CP2102N-A02-GQFN24","Silicon Labs","","","","","","","no-exact-match","CP2102N-A02-GQFN24R (C969151, QFN-24-EP(4x4), stock 14047)"
"TPD4E02B04DQAR","Texas Instruments","C106794","Extended","27956","0.2834","USON-10(1x2.5)","-40℃~+125℃ 0.33pF 10nA 17W@8/20us 2A@8/20us 3.6V 7.5V 8.8V Bidirectional Four channels IEC 61000-4-2、IEC 61000-4-5、IEC 61000-4-4 TVS USON-10(1x2.5) ESD and Surge Protection (TVS/ESD) ROHS","exact",""
